label,image,item-count,Item-key,,,,https://raw.githubusercontent.com/icsdaniel/CardgameDeck/refs/heads/main/Deck3.0/HumbleSmuggleExtraDeck_
01,https://raw.githubusercontent.com/icsdaniel/CardgameDeck/refs/heads/main/Deck3.0/HumbleSmuggleExtraDeck_01.png,1,1,1,1,,
02,https://raw.githubusercontent.com/icsdaniel/CardgameDeck/refs/heads/main/Deck3.0/HumbleSmuggleExtraDeck_02.png,1,2,2,2,,
03,https://raw.githubusercontent.com/icsdaniel/CardgameDeck/refs/heads/main/Deck3.0/HumbleSmuggleExtraDeck_03.png,1,3,3,3,,
04,https://raw.githubusercontent.com/icsdaniel/CardgameDeck/refs/heads/main/Deck3.0/HumbleSmuggleExtraDeck_04.png,1,4,4,4,,
05,https://raw.githubusercontent.com/icsdaniel/CardgameDeck/refs/heads/main/Deck3.0/HumbleSmuggleExtraDeck_05.png,1,5,5,5,,
06,https://raw.githubusercontent.com/icsdaniel/CardgameDeck/refs/heads/main/Deck3.0/HumbleSmuggleExtraDeck_06.png,1,6,6,6,,
07,https://raw.githubusercontent.com/icsdaniel/CardgameDeck/refs/heads/main/Deck3.0/HumbleSmuggleExtraDeck_07.png,1,7,7,7,,
08,https://raw.githubusercontent.com/icsdaniel/CardgameDeck/refs/heads/main/Deck3.0/HumbleSmuggleExtraDeck_08.png,1,8,8,8,,
09,https://raw.githubusercontent.com/icsdaniel/CardgameDeck/refs/heads/main/Deck3.0/HumbleSmuggleExtraDeck_09.png,1,9,9,9,,
10,https://raw.githubusercontent.com/icsdaniel/CardgameDeck/refs/heads/main/Deck3.0/HumbleSmuggleExtraDeck_10.png,1,10,10,10,,
11,https://raw.githubusercontent.com/icsdaniel/CardgameDeck/refs/heads/main/Deck3.0/HumbleSmuggleExtraDeck_11.png,1,11,11,11,,
12,https://raw.githubusercontent.com/icsdaniel/CardgameDeck/refs/heads/main/Deck3.0/HumbleSmuggleExtraDeck_12.png,1,12,12,12,,
13,https://raw.githubusercontent.com/icsdaniel/CardgameDeck/refs/heads/main/Deck3.0/HumbleSmuggleExtraDeck_13.png,1,13,13,13,,
14,https://raw.githubusercontent.com/icsdaniel/CardgameDeck/refs/heads/main/Deck3.0/HumbleSmuggleExtraDeck_14.png,1,14,14,14,,
15,https://raw.githubusercontent.com/icsdaniel/CardgameDeck/refs/heads/main/Deck3.0/HumbleSmuggleExtraDeck_15.png,1,15,15,15,,
16,https://raw.githubusercontent.com/icsdaniel/CardgameDeck/refs/heads/main/Deck3.0/HumbleSmuggleExtraDeck_16.png,1,16,16,16,,
17,https://raw.githubusercontent.com/icsdaniel/CardgameDeck/refs/heads/main/Deck3.0/HumbleSmuggleExtraDeck_17.png,1,17,17,17,,
18,https://raw.githubusercontent.com/icsdaniel/CardgameDeck/refs/heads/main/Deck3.0/HumbleSmuggleExtraDeck_18.png,1,18,18,18,,
19,https://raw.githubusercontent.com/icsdaniel/CardgameDeck/refs/heads/main/Deck3.0/HumbleSmuggleExtraDeck_19.png,1,19,19,19,,
20,https://raw.githubusercontent.com/icsdaniel/CardgameDeck/refs/heads/main/Deck3.0/HumbleSmuggleExtraDeck_20.png,1,20,20,20,,
21,https://raw.githubusercontent.com/icsdaniel/CardgameDeck/refs/heads/main/Deck3.0/HumbleSmuggleExtraDeck_21.png,1,21,21,21,,
22,https://raw.githubusercontent.com/icsdaniel/CardgameDeck/refs/heads/main/Deck3.0/HumbleSmuggleExtraDeck_22.png,1,22,22,22,,
23,https://raw.githubusercontent.com/icsdaniel/CardgameDeck/refs/heads/main/Deck3.0/HumbleSmuggleExtraDeck_23.png,1,23,23,23,,
24,https://raw.githubusercontent.com/icsdaniel/CardgameDeck/refs/heads/main/Deck3.0/HumbleSmuggleExtraDeck_24.png,1,24,24,24,,
25,https://raw.githubusercontent.com/icsdaniel/CardgameDeck/refs/heads/main/Deck3.0/HumbleSmuggleExtraDeck_25.png,1,25,25,25,,
26,https://raw.githubusercontent.com/icsdaniel/CardgameDeck/refs/heads/main/Deck3.0/HumbleSmuggleExtraDeck_26.png,1,26,26,26,,
27,https://raw.githubusercontent.com/icsdaniel/CardgameDeck/refs/heads/main/Deck3.0/HumbleSmuggleExtraDeck_27.png,1,27,27,27,,
28,https://raw.githubusercontent.com/icsdaniel/CardgameDeck/refs/heads/main/Deck3.0/HumbleSmuggleExtraDeck_28.png,1,28,28,28,,
29,https://raw.githubusercontent.com/icsdaniel/CardgameDeck/refs/heads/main/Deck3.0/HumbleSmuggleExtraDeck_29.png,1,29,29,29,,
30,https://raw.githubusercontent.com/icsdaniel/CardgameDeck/refs/heads/main/Deck3.0/HumbleSmuggleExtraDeck_30.png,1,30,30,30,,
31,https://raw.githubusercontent.com/icsdaniel/CardgameDeck/refs/heads/main/Deck3.0/HumbleSmuggleExtraDeck_31.png,1,31,31,31,,
32,https://raw.githubusercontent.com/icsdaniel/CardgameDeck/refs/heads/main/Deck3.0/HumbleSmuggleExtraDeck_32.png,1,32,32,32,,
33,https://raw.githubusercontent.com/icsdaniel/CardgameDeck/refs/heads/main/Deck3.0/HumbleSmuggleExtraDeck_33.png,1,33,33,33,,
34,https://raw.githubusercontent.com/icsdaniel/CardgameDeck/refs/heads/main/Deck3.0/HumbleSmuggleExtraDeck_34.png,1,34,34,34,,
35,https://raw.githubusercontent.com/icsdaniel/CardgameDeck/refs/heads/main/Deck3.0/HumbleSmuggleExtraDeck_35.png,1,35,35,35,,
36,https://raw.githubusercontent.com/icsdaniel/CardgameDeck/refs/heads/main/Deck3.0/HumbleSmuggleExtraDeck_36.png,1,36,36,36,,
37,https://raw.githubusercontent.com/icsdaniel/CardgameDeck/refs/heads/main/Deck3.0/HumbleSmuggleExtraDeck_37.png,1,37,37,37,,
38,https://raw.githubusercontent.com/icsdaniel/CardgameDeck/refs/heads/main/Deck3.0/HumbleSmuggleExtraDeck_38.png,1,38,38,38,,
39,https://raw.githubusercontent.com/icsdaniel/CardgameDeck/refs/heads/main/Deck3.0/HumbleSmuggleExtraDeck_39.png,1,39,39,39,,
40,https://raw.githubusercontent.com/icsdaniel/CardgameDeck/refs/heads/main/Deck3.0/HumbleSmuggleExtraDeck_40.png,1,40,40,40,,
