label,image,item-count,Item-key,,,,
01,https://raw.githubusercontent.com/icsdaniel/CardgameDeck/refs/heads/main/Deck3.0/HumbleSmuggle_01.png,1,1,1,1,,https://raw.githubusercontent.com/icsdaniel/CardgameDeck/refs/heads/main/Deck3.0/HumbleSmuggle_
02,https://raw.githubusercontent.com/icsdaniel/CardgameDeck/refs/heads/main/Deck3.0/HumbleSmuggle_02.png,1,2,2,2,,
03,https://raw.githubusercontent.com/icsdaniel/CardgameDeck/refs/heads/main/Deck3.0/HumbleSmuggle_03.png,1,3,3,3,,
04,https://raw.githubusercontent.com/icsdaniel/CardgameDeck/refs/heads/main/Deck3.0/HumbleSmuggle_04.png,1,4,4,4,,
05,https://raw.githubusercontent.com/icsdaniel/CardgameDeck/refs/heads/main/Deck3.0/HumbleSmuggle_05.png,1,5,5,5,,
06,https://raw.githubusercontent.com/icsdaniel/CardgameDeck/refs/heads/main/Deck3.0/HumbleSmuggle_06.png,1,6,6,6,,
07,https://raw.githubusercontent.com/icsdaniel/CardgameDeck/refs/heads/main/Deck3.0/HumbleSmuggle_07.png,1,7,7,7,,
08,https://raw.githubusercontent.com/icsdaniel/CardgameDeck/refs/heads/main/Deck3.0/HumbleSmuggle_08.png,1,8,8,8,,
09,https://raw.githubusercontent.com/icsdaniel/CardgameDeck/refs/heads/main/Deck3.0/HumbleSmuggle_09.png,1,9,9,9,,
10,https://raw.githubusercontent.com/icsdaniel/CardgameDeck/refs/heads/main/Deck3.0/HumbleSmuggle_10.png,1,10,10,10,,
11,https://raw.githubusercontent.com/icsdaniel/CardgameDeck/refs/heads/main/Deck3.0/HumbleSmuggle_11.png,1,11,11,11,,
12,https://raw.githubusercontent.com/icsdaniel/CardgameDeck/refs/heads/main/Deck3.0/HumbleSmuggle_12.png,1,12,12,12,,
13,https://raw.githubusercontent.com/icsdaniel/CardgameDeck/refs/heads/main/Deck3.0/HumbleSmuggle_13.png,1,13,13,13,,
14,https://raw.githubusercontent.com/icsdaniel/CardgameDeck/refs/heads/main/Deck3.0/HumbleSmuggle_14.png,1,14,14,14,,
15,https://raw.githubusercontent.com/icsdaniel/CardgameDeck/refs/heads/main/Deck3.0/HumbleSmuggle_15.png,1,15,15,15,,
16,https://raw.githubusercontent.com/icsdaniel/CardgameDeck/refs/heads/main/Deck3.0/HumbleSmuggle_16.png,1,16,16,16,,
17,https://raw.githubusercontent.com/icsdaniel/CardgameDeck/refs/heads/main/Deck3.0/HumbleSmuggle_17.png,1,17,17,17,,
18,https://raw.githubusercontent.com/icsdaniel/CardgameDeck/refs/heads/main/Deck3.0/HumbleSmuggle_18.png,1,18,18,18,,
19,https://raw.githubusercontent.com/icsdaniel/CardgameDeck/refs/heads/main/Deck3.0/HumbleSmuggle_19.png,1,19,19,19,,
20,https://raw.githubusercontent.com/icsdaniel/CardgameDeck/refs/heads/main/Deck3.0/HumbleSmuggle_20.png,1,20,20,20,,
21,https://raw.githubusercontent.com/icsdaniel/CardgameDeck/refs/heads/main/Deck3.0/HumbleSmuggle_21.png,1,21,21,21,,
22,https://raw.githubusercontent.com/icsdaniel/CardgameDeck/refs/heads/main/Deck3.0/HumbleSmuggle_22.png,1,22,22,22,,
23,https://raw.githubusercontent.com/icsdaniel/CardgameDeck/refs/heads/main/Deck3.0/HumbleSmuggle_23.png,1,23,23,23,,
24,https://raw.githubusercontent.com/icsdaniel/CardgameDeck/refs/heads/main/Deck3.0/HumbleSmuggle_24.png,1,24,24,24,,
25,https://raw.githubusercontent.com/icsdaniel/CardgameDeck/refs/heads/main/Deck3.0/HumbleSmuggle_25.png,1,25,25,25,,
26,https://raw.githubusercontent.com/icsdaniel/CardgameDeck/refs/heads/main/Deck3.0/HumbleSmuggle_26.png,1,26,26,26,,
27,https://raw.githubusercontent.com/icsdaniel/CardgameDeck/refs/heads/main/Deck3.0/HumbleSmuggle_27.png,1,27,27,27,,
28,https://raw.githubusercontent.com/icsdaniel/CardgameDeck/refs/heads/main/Deck3.0/HumbleSmuggle_28.png,1,28,28,28,,
29,https://raw.githubusercontent.com/icsdaniel/CardgameDeck/refs/heads/main/Deck3.0/HumbleSmuggle_29.png,1,29,29,29,,
30,https://raw.githubusercontent.com/icsdaniel/CardgameDeck/refs/heads/main/Deck3.0/HumbleSmuggle_30.png,1,30,30,30,,
31,https://raw.githubusercontent.com/icsdaniel/CardgameDeck/refs/heads/main/Deck3.0/HumbleSmuggle_31.png,1,31,31,31,,
32,https://raw.githubusercontent.com/icsdaniel/CardgameDeck/refs/heads/main/Deck3.0/HumbleSmuggle_32.png,1,32,32,32,,
33,https://raw.githubusercontent.com/icsdaniel/CardgameDeck/refs/heads/main/Deck3.0/HumbleSmuggle_33.png,1,33,33,33,,
34,https://raw.githubusercontent.com/icsdaniel/CardgameDeck/refs/heads/main/Deck3.0/HumbleSmuggle_34.png,1,34,34,34,,
35,https://raw.githubusercontent.com/icsdaniel/CardgameDeck/refs/heads/main/Deck3.0/HumbleSmuggle_35.png,1,35,35,35,,
36,https://raw.githubusercontent.com/icsdaniel/CardgameDeck/refs/heads/main/Deck3.0/HumbleSmuggle_36.png,1,36,36,36,,
37,https://raw.githubusercontent.com/icsdaniel/CardgameDeck/refs/heads/main/Deck3.0/HumbleSmuggle_37.png,1,37,37,37,,
38,https://raw.githubusercontent.com/icsdaniel/CardgameDeck/refs/heads/main/Deck3.0/HumbleSmuggle_38.png,1,38,38,38,,
39,https://raw.githubusercontent.com/icsdaniel/CardgameDeck/refs/heads/main/Deck3.0/HumbleSmuggle_39.png,1,39,39,39,,
40,https://raw.githubusercontent.com/icsdaniel/CardgameDeck/refs/heads/main/Deck3.0/HumbleSmuggle_40.png,1,40,40,40,,
41,https://raw.githubusercontent.com/icsdaniel/CardgameDeck/refs/heads/main/Deck3.0/HumbleSmuggle_41.png,1,41,41,41,,
42,https://raw.githubusercontent.com/icsdaniel/CardgameDeck/refs/heads/main/Deck3.0/HumbleSmuggle_42.png,1,42,42,42,,
43,https://raw.githubusercontent.com/icsdaniel/CardgameDeck/refs/heads/main/Deck3.0/HumbleSmuggle_43.png,1,43,43,43,,
44,https://raw.githubusercontent.com/icsdaniel/CardgameDeck/refs/heads/main/Deck3.0/HumbleSmuggle_44.png,1,44,44,44,,
45,https://raw.githubusercontent.com/icsdaniel/CardgameDeck/refs/heads/main/Deck3.0/HumbleSmuggle_45.png,1,45,45,45,,
46,https://raw.githubusercontent.com/icsdaniel/CardgameDeck/refs/heads/main/Deck3.0/HumbleSmuggle_46.png,1,46,46,46,,
47,https://raw.githubusercontent.com/icsdaniel/CardgameDeck/refs/heads/main/Deck3.0/HumbleSmuggle_47.png,1,47,47,47,,
48,https://raw.githubusercontent.com/icsdaniel/CardgameDeck/refs/heads/main/Deck3.0/HumbleSmuggle_48.png,1,48,48,48,,
49,https://raw.githubusercontent.com/icsdaniel/CardgameDeck/refs/heads/main/Deck3.0/HumbleSmuggle_49.png,1,49,49,49,,
50,https://raw.githubusercontent.com/icsdaniel/CardgameDeck/refs/heads/main/Deck3.0/HumbleSmuggle_50.png,1,50,50,50,,
51,https://raw.githubusercontent.com/icsdaniel/CardgameDeck/refs/heads/main/Deck3.0/HumbleSmuggle_51.png,1,51,51,51,,
52,https://raw.githubusercontent.com/icsdaniel/CardgameDeck/refs/heads/main/Deck3.0/HumbleSmuggle_52.png,1,52,52,52,,
53,https://raw.githubusercontent.com/icsdaniel/CardgameDeck/refs/heads/main/Deck3.0/HumbleSmuggle_53.png,1,53,53,53,,
54,https://raw.githubusercontent.com/icsdaniel/CardgameDeck/refs/heads/main/Deck3.0/HumbleSmuggle_54.png,1,54,54,54,,
55,https://raw.githubusercontent.com/icsdaniel/CardgameDeck/refs/heads/main/Deck3.0/HumbleSmuggle_55.png,1,55,55,55,,
56,https://raw.githubusercontent.com/icsdaniel/CardgameDeck/refs/heads/main/Deck3.0/HumbleSmuggle_56.png,1,56,56,56,,
57,https://raw.githubusercontent.com/icsdaniel/CardgameDeck/refs/heads/main/Deck3.0/HumbleSmuggle_57.png,1,57,57,57,,
58,https://raw.githubusercontent.com/icsdaniel/CardgameDeck/refs/heads/main/Deck3.0/HumbleSmuggle_58.png,1,58,58,58,,
59,https://raw.githubusercontent.com/icsdaniel/CardgameDeck/refs/heads/main/Deck3.0/HumbleSmuggle_59.png,1,59,59,59,,
60,https://raw.githubusercontent.com/icsdaniel/CardgameDeck/refs/heads/main/Deck3.0/HumbleSmuggle_60.png,1,60,60,60,,
61,https://raw.githubusercontent.com/icsdaniel/CardgameDeck/refs/heads/main/Deck3.0/HumbleSmuggle_61.png,1,61,61,61,,
62,https://raw.githubusercontent.com/icsdaniel/CardgameDeck/refs/heads/main/Deck3.0/HumbleSmuggle_62.png,1,62,62,62,,
63,https://raw.githubusercontent.com/icsdaniel/CardgameDeck/refs/heads/main/Deck3.0/HumbleSmuggle_63.png,1,63,63,63,,
64,https://raw.githubusercontent.com/icsdaniel/CardgameDeck/refs/heads/main/Deck3.0/HumbleSmuggle_64.png,1,64,64,64,,
65,https://raw.githubusercontent.com/icsdaniel/CardgameDeck/refs/heads/main/Deck3.0/HumbleSmuggle_65.png,1,65,65,65,,
66,https://raw.githubusercontent.com/icsdaniel/CardgameDeck/refs/heads/main/Deck3.0/HumbleSmuggle_66.png,1,66,66,66,,
67,https://raw.githubusercontent.com/icsdaniel/CardgameDeck/refs/heads/main/Deck3.0/HumbleSmuggle_67.png,1,67,67,67,,
68,https://raw.githubusercontent.com/icsdaniel/CardgameDeck/refs/heads/main/Deck3.0/HumbleSmuggle_68.png,1,68,68,68,,
69,https://raw.githubusercontent.com/icsdaniel/CardgameDeck/refs/heads/main/Deck3.0/HumbleSmuggle_69.png,1,69,69,69,,
70,https://raw.githubusercontent.com/icsdaniel/CardgameDeck/refs/heads/main/Deck3.0/HumbleSmuggle_70.png,1,70,70,70,,
71,https://raw.githubusercontent.com/icsdaniel/CardgameDeck/refs/heads/main/Deck3.0/HumbleSmuggle_71.png,1,71,71,71,,
72,https://raw.githubusercontent.com/icsdaniel/CardgameDeck/refs/heads/main/Deck3.0/HumbleSmuggle_72.png,1,72,72,72,,
73,https://raw.githubusercontent.com/icsdaniel/CardgameDeck/refs/heads/main/Deck3.0/HumbleSmuggle_73.png,1,73,73,73,,
74,https://raw.githubusercontent.com/icsdaniel/CardgameDeck/refs/heads/main/Deck3.0/HumbleSmuggle_74.png,1,74,74,74,,
75,https://raw.githubusercontent.com/icsdaniel/CardgameDeck/refs/heads/main/Deck3.0/HumbleSmuggle_75.png,1,75,75,75,,
76,https://raw.githubusercontent.com/icsdaniel/CardgameDeck/refs/heads/main/Deck3.0/HumbleSmuggle_76.png,1,76,76,76,,
77,https://raw.githubusercontent.com/icsdaniel/CardgameDeck/refs/heads/main/Deck3.0/HumbleSmuggle_77.png,1,77,77,77,,
78,https://raw.githubusercontent.com/icsdaniel/CardgameDeck/refs/heads/main/Deck3.0/HumbleSmuggle_78.png,1,78,78,78,,
79,https://raw.githubusercontent.com/icsdaniel/CardgameDeck/refs/heads/main/Deck3.0/HumbleSmuggle_79.png,1,79,79,79,,
80,https://raw.githubusercontent.com/icsdaniel/CardgameDeck/refs/heads/main/Deck3.0/HumbleSmuggle_80.png,1,80,80,80,,
81,https://raw.githubusercontent.com/icsdaniel/CardgameDeck/refs/heads/main/Deck3.0/HumbleSmuggle_81.png,1,81,81,81,,
82,https://raw.githubusercontent.com/icsdaniel/CardgameDeck/refs/heads/main/Deck3.0/HumbleSmuggle_82.png,1,82,82,82,,
83,https://raw.githubusercontent.com/icsdaniel/CardgameDeck/refs/heads/main/Deck3.0/HumbleSmuggle_83.png,1,83,83,83,,
84,https://raw.githubusercontent.com/icsdaniel/CardgameDeck/refs/heads/main/Deck3.0/HumbleSmuggle_84.png,1,84,84,84,,
